neg,neu,pos,compound
0.0,1.0,0.0,0.0
0.0,0.0,1.0,0.4404
0.0,0.445,0.555,0.3595
0.0,0.769,0.231,0.5994
0.0,1.0,0.0,0.0
0.0,0.0,1.0,0.4404
0.0,0.445,0.555,0.3595
0.0,0.738,0.262,0.5994
0.0,1.0,0.0,0.0
0.0,1.0,0.0,0.0
0.0,0.0,1.0,0.4404
0.0,0.445,0.555,0.3595
0.0,0.755,0.245,0.5994
0.0,0.0,0.0,0.0
0.0,1.0,0.0,0.0
0.0,0.0,1.0,0.4404
0.0,0.445,0.555,0.3595
0.0,0.769,0.231,0.5994
0.0,1.0,0.0,0.0
0.0,0.0,1.0,0.4404
0.0,0.445,0.555,0.3595
0.0,0.769,0.231,0.5994
0.0,1.0,0.0,0.0
0.0,0.0,1.0,0.4404
0.0,0.445,0.555,0.3595
0.0,0.738,0.262,0.5994
0.0,1.0,0.0,0.0
0.0,1.0,0.0,0.0
0.0,0.0,1.0,0.4404
0.0,0.445,0.555,0.3595
0.0,0.769,0.231,0.5994
0.0,1.0,0.0,0.0
0.0,0.0,1.0,0.4404
0.0,0.445,0.555,0.3595
0.0,0.769,0.231,0.5994
0.0,1.0,0.0,0.0
0.0,0.0,1.0,0.4404
0.0,0.445,0.555,0.3595
0.0,0.769,0.231,0.5994
0.0,1.0,0.0,0.0
0.0,0.0,1.0,0.4404
0.0,0.445,0.555,0.3595
0.0,0.719,0.281,0.5994
0.0,1.0,0.0,0.0
0.107,0.829,0.063,-0.2263
0.0,1.0,0.0,0.0
0.0,1.0,0.0,0.0
0.0,1.0,0.0,0.0
0.0,1.0,0.0,0.0
0.0,1.0,0.0,0.0
0.14,0.86,0.0,-0.1139
0.0,0.591,0.409,0.8225
0.0,1.0,0.0,0.0
0.0,0.622,0.378,0.8074
0.0,1.0,0.0,0.0
0.0,1.0,0.0,0.0
0.0,1.0,0.0,0.0
0.0,1.0,0.0,0.0
0.0,1.0,0.0,0.0
0.0,1.0,0.0,0.0
0.0,0.775,0.225,0.4404
0.0,1.0,0.0,0.0
0.0,1.0,0.0,0.0
0.0,1.0,0.0,0.0
0.0,1.0,0.0,0.0
0.0,0.692,0.308,0.9468
0.0,0.806,0.194,0.34
0.0,1.0,0.0,0.0
0.0,0.741,0.259,0.2732
0.273,0.519,0.208,-0.128
0.0,1.0,0.0,0.0
0.0,1.0,0.0,0.0
0.0,1.0,0.0,0.0
0.0,1.0,0.0,0.0
0.0,1.0,0.0,0.0
0.0,1.0,0.0,0.0
0.0,1.0,0.0,0.0
0.0,1.0,0.0,0.0
0.0,1.0,0.0,0.0
0.0,0.584,0.416,0.6908
0.0,1.0,0.0,0.0
0.162,0.838,0.0,-0.4404
0.0,1.0,0.0,0.0
0.0,1.0,0.0,0.0
0.0,1.0,0.0,0.0
0.0,1.0,0.0,0.0
0.0,1.0,0.0,0.0
0.0,1.0,0.0,0.0
0.0,1.0,0.0,0.0
0.0,1.0,0.0,0.0
0.0,1.0,0.0,0.0
0.0,1.0,0.0,0.0
0.0,1.0,0.0,0.0
0.0,1.0,0.0,0.0
0.23,0.77,0.0,-0.3382
0.0,1.0,0.0,0.0
0.0,1.0,0.0,0.0
0.0,1.0,0.0,0.0
0.0,1.0,0.0,0.0
0.0,1.0,0.0,0.0
0.0,1.0,0.0,0.0
0.0,1.0,0.0,0.0
0.0,0.0,0.0,0.0
0.0,1.0,0.0,0.0
0.0,1.0,0.0,0.0
0.0,0.506,0.494,0.8316
0.0,1.0,0.0,0.0
0.0,1.0,0.0,0.0
0.0,1.0,0.0,0.0
0.0,1.0,0.0,0.0
0.0,1.0,0.0,0.0
0.0,1.0,0.0,0.0
0.0,1.0,0.0,0.0
0.0,1.0,0.0,0.0
0.0,1.0,0.0,0.0
0.0,1.0,0.0,0.0
0.0,0.701,0.299,0.8553
0.168,0.832,0.0,-0.4278
0.0,1.0,0.0,0.0
0.0,1.0,0.0,0.0
0.0,1.0,0.0,0.0
0.0,1.0,0.0,0.0
0.0,1.0,0.0,0.0
0.191,0.809,0.0,-0.4278
0.0,1.0,0.0,0.0
0.0,0.788,0.212,0.8553
0.0,1.0,0.0,0.0
0.0,1.0,0.0,0.0
0.0,1.0,0.0,0.0
0.0,0.0,1.0,0.4404
0.0,0.445,0.555,0.3595
0.0,0.769,0.231,0.5994
0.0,1.0,0.0,0.0
0.0,0.0,1.0,0.4404
0.0,0.445,0.555,0.3595
0.0,0.769,0.231,0.5994
0.0,1.0,0.0,0.0
0.0,0.0,1.0,0.4404
0.0,0.445,0.555,0.3595
0.0,0.738,0.262,0.5994
0.0,1.0,0.0,0.0
0.0,0.0,0.0,0.0
0.0,1.0,0.0,0.0
0.0,0.0,1.0,0.4404
0.0,0.445,0.555,0.3595
0.0,0.769,0.231,0.5994
0.0,1.0,0.0,0.0
0.0,1.0,0.0,0.0
0.0,1.0,0.0,0.0
0.0,0.745,0.255,0.9571
0.0,1.0,0.0,0.0
0.0,1.0,0.0,0.0
0.0,0.0,1.0,0.4404
0.0,0.445,0.555,0.3595
0.0,0.769,0.231,0.5994
0.0,1.0,0.0,0.0
0.0,0.0,1.0,0.4404
0.0,0.445,0.555,0.3595
0.0,0.769,0.231,0.5994
0.0,1.0,0.0,0.0
0.0,1.0,0.0,0.0
0.0,0.0,1.0,0.4404
0.0,0.445,0.555,0.3595
0.0,0.769,0.231,0.5994
0.0,0.854,0.146,0.0516
0.0,1.0,0.0,0.0
0.0,1.0,0.0,0.0
0.0,1.0,0.0,0.0
0.0,0.0,1.0,0.4404
0.0,0.445,0.555,0.3595
0.0,0.769,0.231,0.5994
0.0,0.819,0.181,0.6369
0.0,0.606,0.394,0.0772
0.0,1.0,0.0,0.0
0.0,0.0,1.0,0.4404
0.0,0.445,0.555,0.3595
0.0,0.738,0.262,0.5994
0.0,1.0,0.0,0.0
0.0,1.0,0.0,0.0
0.0,0.0,1.0,0.4404
0.0,0.445,0.555,0.3595
0.0,0.738,0.262,0.5994
0.0,1.0,0.0,0.0
0.0,0.0,0.0,0.0
0.0,1.0,0.0,0.0
0.0,0.0,1.0,0.4404
0.0,0.445,0.555,0.3595
0.0,0.769,0.231,0.5994
0.0,1.0,0.0,0.0
0.0,0.0,1.0,0.4404
0.0,0.445,0.555,0.3595
0.0,0.755,0.245,0.5994
0.0,0.691,0.309,0.8553
0.0,1.0,0.0,0.0
0.0,0.0,1.0,0.4404
0.0,0.445,0.555,0.3595
0.0,0.738,0.262,0.5994
0.0,1.0,0.0,0.0
0.0,1.0,0.0,0.0
0.0,0.0,1.0,0.4404
0.0,0.445,0.555,0.3595
0.0,0.738,0.262,0.5994
0.0,1.0,0.0,0.0
0.0,1.0,0.0,0.0
0.0,0.0,1.0,0.4404
0.0,0.445,0.555,0.3595
0.0,0.769,0.231,0.5994
0.0,1.0,0.0,0.0
0.0,0.0,1.0,0.4404
0.0,0.445,0.555,0.3595
0.0,0.769,0.231,0.5994
0.0,1.0,0.0,0.0
0.0,0.0,1.0,0.4404
0.0,0.445,0.555,0.3595
0.0,0.769,0.231,0.5994
0.0,1.0,0.0,0.0
0.0,0.0,1.0,0.4404
0.0,0.445,0.555,0.3595
0.0,0.769,0.231,0.5994
0.0,0.68,0.32,0.8553
0.0,1.0,0.0,0.0
0.0,1.0,0.0,0.0
0.0,1.0,0.0,0.0
0.0,1.0,0.0,0.0
0.0,0.769,0.231,0.4019
0.135,0.865,0.0,-0.4215
0.0,1.0,0.0,0.0
0.0,1.0,0.0,0.0
0.0,1.0,0.0,0.0
0.0,1.0,0.0,0.0
0.0,1.0,0.0,0.0
0.0,1.0,0.0,0.0
0.0,1.0,0.0,0.0
0.0,1.0,0.0,0.0
0.0,1.0,0.0,0.0
0.0,1.0,0.0,0.0
0.0,1.0,0.0,0.0
0.0,1.0,0.0,0.0
0.0,0.584,0.416,0.6908
0.0,1.0,0.0,0.0
0.0,1.0,0.0,0.0
0.0,1.0,0.0,0.0
0.0,1.0,0.0,0.0
0.0,1.0,0.0,0.0
0.0,1.0,0.0,0.0
0.0,1.0,0.0,0.0
0.0,1.0,0.0,0.0
0.0,1.0,0.0,0.0
0.0,1.0,0.0,0.0
0.0,1.0,0.0,0.0
0.0,1.0,0.0,0.0
0.0,1.0,0.0,0.0
0.0,1.0,0.0,0.0
0.0,1.0,0.0,0.0
0.0,1.0,0.0,0.0
0.0,1.0,0.0,0.0
0.0,0.684,0.316,0.5719
0.292,0.708,0.0,-0.5106
0.0,1.0,0.0,0.0
0.0,1.0,0.0,0.0
0.0,1.0,0.0,0.0
0.0,1.0,0.0,0.0
0.0,1.0,0.0,0.0
0.0,1.0,0.0,0.0
0.0,0.69,0.31,0.9117
0.0,1.0,0.0,0.0
0.0,1.0,0.0,0.0
0.0,0.714,0.286,0.4939
0.0,1.0,0.0,0.0
0.0,1.0,0.0,0.0
0.0,0.737,0.263,0.3595
0.0,0.68,0.32,0.8553
0.0,0.834,0.166,0.3804
0.0,1.0,0.0,0.0
0.0,1.0,0.0,0.0
0.0,1.0,0.0,0.0
0.0,1.0,0.0,0.0
0.0,1.0,0.0,0.0
0.0,1.0,0.0,0.0
0.0,1.0,0.0,0.0
0.0,1.0,0.0,0.0
0.0,1.0,0.0,0.0
0.0,0.719,0.281,0.8553
0.0,1.0,0.0,0.0
0.0,1.0,0.0,0.0
0.0,0.701,0.299,0.8553
0.0,1.0,0.0,0.0
0.0,1.0,0.0,0.0
0.0,1.0,0.0,0.0
0.0,0.68,0.32,0.9571
0.0,0.829,0.171,0.2732
0.0,1.0,0.0,0.0
0.0,1.0,0.0,0.0
0.0,1.0,0.0,0.0
0.0,1.0,0.0,0.0
0.0,1.0,0.0,0.0
0.0,1.0,0.0,0.0
0.0,1.0,0.0,0.0
0.0,1.0,0.0,0.0
0.0,1.0,0.0,0.0
0.0,1.0,0.0,0.0
0.0,1.0,0.0,0.0
0.0,1.0,0.0,0.0
0.0,0.68,0.32,0.8553
0.0,1.0,0.0,0.0
0.0,1.0,0.0,0.0
0.0,1.0,0.0,0.0
0.0,1.0,0.0,0.0
0.0,1.0,0.0,0.0
0.0,1.0,0.0,0.0
0.0,1.0,0.0,0.0
0.409,0.502,0.09,-0.872
0.0,1.0,0.0,0.0
0.0,1.0,0.0,0.0
0.0,1.0,0.0,0.0
0.029,0.774,0.197,0.8399
0.0,1.0,0.0,0.0
0.0,0.431,0.569,0.765
0.0,1.0,0.0,0.0
0.0,1.0,0.0,0.0
0.0,1.0,0.0,0.0
0.0,0.652,0.348,0.4939
0.0,1.0,0.0,0.0
0.0,1.0,0.0,0.0
0.0,0.659,0.341,0.69
0.0,1.0,0.0,0.0
0.0,1.0,0.0,0.0
0.0,0.694,0.306,0.296
0.0,0.83,0.17,0.6476
0.0,0.0,1.0,0.4404
0.0,0.445,0.555,0.3595
0.0,0.769,0.231,0.5994
0.0,0.0,0.0,0.0
0.0,1.0,0.0,0.0
0.0,0.0,1.0,0.4404
0.0,0.445,0.555,0.3595
0.0,0.769,0.231,0.5994
0.0,1.0,0.0,0.0
0.0,0.0,1.0,0.4404
0.0,0.445,0.555,0.3595
0.0,0.719,0.281,0.5994
0.0,1.0,0.0,0.0
0.0,1.0,0.0,0.0
0.0,0.0,1.0,0.4404
0.0,0.445,0.555,0.3595
0.0,0.769,0.231,0.5994
0.0,1.0,0.0,0.0
0.0,0.0,1.0,0.4404
0.0,0.445,0.555,0.3595
0.0,0.782,0.218,0.5994
0.0,1.0,0.0,0.0
0.0,1.0,0.0,0.0
0.0,1.0,0.0,0.0
0.0,1.0,0.0,0.0
0.0,1.0,0.0,0.0
0.0,1.0,0.0,0.0
0.0,0.0,1.0,0.4404
0.0,0.445,0.555,0.3595
0.0,0.755,0.245,0.5994
0.0,1.0,0.0,0.0
0.0,0.0,1.0,0.4404
0.0,0.445,0.555,0.3595
0.0,0.782,0.218,0.5994
0.0,1.0,0.0,0.0
0.0,1.0,0.0,0.0
0.0,1.0,0.0,0.0
0.0,0.584,0.416,0.6908
0.0,1.0,0.0,0.0
0.0,1.0,0.0,0.0
0.0,0.0,1.0,0.4404
0.0,0.445,0.555,0.3595
0.0,0.738,0.262,0.5994
0.0,1.0,0.0,0.0
0.0,1.0,0.0,0.0
0.0,1.0,0.0,0.0
0.0,1.0,0.0,0.0
0.0,1.0,0.0,0.0
0.0,1.0,0.0,0.0
0.0,1.0,0.0,0.0
0.0,1.0,0.0,0.0
0.0,0.0,1.0,0.4404
0.0,0.445,0.555,0.3595
0.0,0.755,0.245,0.5994
0.0,1.0,0.0,0.0
0.0,0.0,1.0,0.4404
0.0,0.445,0.555,0.3595
0.0,0.769,0.231,0.5994
0.0,1.0,0.0,0.0
0.0,0.0,1.0,0.4404
0.0,0.445,0.555,0.3595
0.0,0.755,0.245,0.5994
0.0,1.0,0.0,0.0
0.0,1.0,0.0,0.0
0.0,0.0,1.0,0.4404
0.0,0.445,0.555,0.3595
0.0,0.769,0.231,0.5994
0.0,1.0,0.0,0.0
0.0,0.0,1.0,0.4404
0.0,0.445,0.555,0.3595
0.0,0.738,0.262,0.5994
0.0,1.0,0.0,0.0
0.0,0.0,0.0,0.0
0.0,1.0,0.0,0.0
0.0,0.0,1.0,0.4404
0.0,0.445,0.555,0.3595
0.0,0.738,0.262,0.5994
0.0,1.0,0.0,0.0
0.0,0.0,0.0,0.0
0.0,1.0,0.0,0.0
0.0,0.0,1.0,0.4404
0.0,0.445,0.555,0.3595
0.0,0.769,0.231,0.5994
0.0,1.0,0.0,0.0
0.0,0.0,1.0,0.4404
0.0,0.445,0.555,0.3595
0.0,0.769,0.231,0.5994
0.0,1.0,0.0,0.0
0.0,0.0,1.0,0.4404
0.0,0.445,0.555,0.3595
0.0,0.738,0.262,0.5994
0.0,1.0,0.0,0.0
0.0,1.0,0.0,0.0
0.0,1.0,0.0,0.0
0.0,0.0,1.0,0.4404
0.0,0.445,0.555,0.3595
0.0,0.738,0.262,0.5994
0.0,1.0,0.0,0.0
0.0,0.834,0.166,0.3804
0.0,1.0,0.0,0.0
0.0,1.0,0.0,0.0
0.0,1.0,0.0,0.0
0.0,1.0,0.0,0.0
0.0,1.0,0.0,0.0
0.0,1.0,0.0,0.0
0.0,0.0,0.0,0.0
0.0,1.0,0.0,0.0
0.0,0.677,0.323,0.7351
0.0,1.0,0.0,0.0
0.0,1.0,0.0,0.0
0.0,0.707,0.293,0.4404
0.0,1.0,0.0,0.0
0.167,0.833,0.0,-0.296
0.0,1.0,0.0,0.0
0.0,1.0,0.0,0.0
0.0,1.0,0.0,0.0
0.524,0.476,0.0,-0.296
0.0,1.0,0.0,0.0
0.0,1.0,0.0,0.0
0.524,0.476,0.0,-0.296
0.0,1.0,0.0,0.0
0.0,0.864,0.136,0.0258
0.0,1.0,0.0,0.0
0.0,1.0,0.0,0.0
0.0,1.0,0.0,0.0
0.0,1.0,0.0,0.0
0.0,1.0,0.0,0.0
0.0,1.0,0.0,0.0
0.0,1.0,0.0,0.0
0.0,1.0,0.0,0.0
0.355,0.645,0.0,-0.296
0.0,1.0,0.0,0.0
0.0,1.0,0.0,0.0
0.212,0.673,0.115,-0.25
0.0,1.0,0.0,0.0
0.0,1.0,0.0,0.0
0.0,1.0,0.0,0.0
0.0,1.0,0.0,0.0
0.0,1.0,0.0,0.0
0.0,1.0,0.0,0.0
0.0,1.0,0.0,0.0
0.0,1.0,0.0,0.0
0.0,1.0,0.0,0.0
0.0,0.551,0.449,0.6908
0.341,0.659,0.0,-0.4767
0.0,1.0,0.0,0.0
0.239,0.761,0.0,-0.296
0.0,1.0,0.0,0.0
0.0,1.0,0.0,0.0
0.0,1.0,0.0,0.0
0.136,0.864,0.0,-0.296
0.0,1.0,0.0,0.0
0.0,1.0,0.0,0.0
0.0,1.0,0.0,0.0
0.0,1.0,0.0,0.0
0.0,1.0,0.0,0.0
0.107,0.893,0.0,-0.0516
0.0,1.0,0.0,0.0
0.0,1.0,0.0,0.0
0.0,1.0,0.0,0.0
0.208,0.792,0.0,-0.2732
0.0,1.0,0.0,0.0
0.0,1.0,0.0,0.0
0.0,1.0,0.0,0.0
0.0,1.0,0.0,0.0
0.0,1.0,0.0,0.0
0.0,0.46,0.54,0.5719
0.0,1.0,0.0,0.0
0.0,1.0,0.0,0.0
0.0,1.0,0.0,0.0
0.0,1.0,0.0,0.0
0.0,1.0,0.0,0.0
0.0,0.834,0.166,0.3804
0.0,1.0,0.0,0.0
0.0,0.834,0.166,0.3804
0.0,1.0,0.0,0.0
0.0,1.0,0.0,0.0
0.0,1.0,0.0,0.0
0.0,1.0,0.0,0.0
0.0,1.0,0.0,0.0
0.0,1.0,0.0,0.0
0.0,1.0,0.0,0.0
0.0,1.0,0.0,0.0
0.0,1.0,0.0,0.0
0.0,1.0,0.0,0.0
0.0,1.0,0.0,0.0
0.0,0.793,0.207,0.5267
0.0,0.377,0.623,0.5106
0.0,1.0,0.0,0.0
0.0,0.584,0.416,0.6908
0.0,1.0,0.0,0.0
0.0,1.0,0.0,0.0
0.0,1.0,0.0,0.0
0.0,1.0,0.0,0.0
0.0,1.0,0.0,0.0
0.235,0.765,0.0,-0.5106
0.0,1.0,0.0,0.0
0.0,1.0,0.0,0.0
0.0,1.0,0.0,0.0
0.0,1.0,0.0,0.0
0.0,1.0,0.0,0.0
0.0,1.0,0.0,0.0
0.0,0.0,0.0,0.0
0.0,1.0,0.0,0.0
0.0,1.0,0.0,0.0
0.0,1.0,0.0,0.0
0.0,1.0,0.0,0.0
0.0,1.0,0.0,0.0
0.0,1.0,0.0,0.0
0.0,1.0,0.0,0.0
0.0,0.584,0.416,0.6908
0.0,1.0,0.0,0.0
0.0,1.0,0.0,0.0
0.0,1.0,0.0,0.0
0.0,1.0,0.0,0.0
0.0,1.0,0.0,0.0
0.0,1.0,0.0,0.0
0.0,1.0,0.0,0.0
0.0,1.0,0.0,0.0
0.0,1.0,0.0,0.0
0.0,1.0,0.0,0.0
0.0,1.0,0.0,0.0
0.0,1.0,0.0,0.0
0.0,1.0,0.0,0.0
0.0,0.465,0.535,0.3182
0.0,1.0,0.0,0.0
0.0,1.0,0.0,0.0
0.0,1.0,0.0,0.0
0.0,1.0,0.0,0.0
0.0,1.0,0.0,0.0
0.0,0.233,0.767,0.5106
0.0,0.444,0.556,0.3612
0.0,1.0,0.0,0.0
0.0,1.0,0.0,0.0
0.0,1.0,0.0,0.0
0.0,1.0,0.0,0.0
0.0,0.806,0.194,0.34
0.0,1.0,0.0,0.0
0.0,1.0,0.0,0.0
0.0,1.0,0.0,0.0
0.0,1.0,0.0,0.0
0.677,0.323,0.0,-0.2732
0.0,1.0,0.0,0.0
0.0,1.0,0.0,0.0
0.0,1.0,0.0,0.0
0.0,1.0,0.0,0.0
0.0,1.0,0.0,0.0
0.0,1.0,0.0,0.0
0.0,1.0,0.0,0.0
0.0,1.0,0.0,0.0
0.0,1.0,0.0,0.0
0.643,0.357,0.0,-0.5574
0.0,1.0,0.0,0.0
1.0,0.0,0.0,-0.5267
0.0,1.0,0.0,0.0
0.0,1.0,0.0,0.0
0.0,1.0,0.0,0.0
0.0,1.0,0.0,0.0
0.0,1.0,0.0,0.0
0.0,1.0,0.0,0.0
0.0,1.0,0.0,0.0
0.0,1.0,0.0,0.0
0.0,0.561,0.439,0.5719
0.118,0.882,0.0,-0.0516
0.0,1.0,0.0,0.0
0.0,0.735,0.265,0.5574
0.0,1.0,0.0,0.0
0.0,1.0,0.0,0.0
0.0,1.0,0.0,0.0
0.0,0.0,1.0,0.4404
0.0,0.445,0.555,0.3595
0.0,0.83,0.17,0.5994
0.0,1.0,0.0,0.0
0.0,1.0,0.0,0.0
0.0,1.0,0.0,0.0
0.0,1.0,0.0,0.0
0.0,1.0,0.0,0.0
0.0,1.0,0.0,0.0
0.0,0.0,1.0,0.4404
0.0,0.445,0.555,0.3595
0.0,0.769,0.231,0.5994
0.0,1.0,0.0,0.0
0.0,0.0,1.0,0.4404
0.0,0.445,0.555,0.3595
0.0,0.769,0.231,0.5994
0.0,1.0,0.0,0.0
0.0,0.0,1.0,0.4404
0.0,0.445,0.555,0.3595
0.0,0.738,0.262,0.5994
0.0,1.0,0.0,0.0
0.0,1.0,0.0,0.0
0.0,0.0,1.0,0.4404
0.0,0.445,0.555,0.3595
0.0,0.755,0.245,0.5994
0.0,1.0,0.0,0.0
0.0,1.0,0.0,0.0
0.0,0.0,1.0,0.4404
0.0,0.445,0.555,0.3595
0.0,0.769,0.231,0.5994
0.0,1.0,0.0,0.0
0.149,0.851,0.0,-0.2732
0.0,1.0,0.0,0.0
0.0,1.0,0.0,0.0
0.0,0.0,1.0,0.4404
0.0,0.445,0.555,0.3595
0.0,0.769,0.231,0.5994
0.0,1.0,0.0,0.0
0.0,0.0,1.0,0.4404
0.0,0.445,0.555,0.3595
0.0,0.738,0.262,0.5994
0.0,1.0,0.0,0.0
0.0,1.0,0.0,0.0
0.0,1.0,0.0,0.0
0.0,0.0,1.0,0.4404
0.0,0.445,0.555,0.3595
0.0,0.755,0.245,0.5994
0.0,1.0,0.0,0.0
0.0,1.0,0.0,0.0
0.0,0.0,1.0,0.4404
0.0,0.445,0.555,0.3595
0.0,0.769,0.231,0.5994
0.0,1.0,0.0,0.0
0.0,0.0,1.0,0.4404
0.0,0.445,0.555,0.3595
0.0,0.769,0.231,0.5994
0.0,1.0,0.0,0.0
0.0,0.0,1.0,0.4404
0.0,0.445,0.555,0.3595
0.0,0.769,0.231,0.5994
0.0,1.0,0.0,0.0
0.0,0.0,1.0,0.4404
0.0,0.445,0.555,0.3595
0.0,0.769,0.231,0.5994
0.0,1.0,0.0,0.0
0.0,0.0,1.0,0.4404
0.0,0.445,0.555,0.3595
0.0,0.769,0.231,0.5994
0.0,1.0,0.0,0.0
0.0,0.0,1.0,0.4404
0.0,0.445,0.555,0.3595
0.0,0.769,0.231,0.5994
0.0,0.6,0.4,0.7184
0.0,0.649,0.351,0.4019
0.0,1.0,0.0,0.0
0.0,1.0,0.0,0.0
0.0,1.0,0.0,0.0
0.0,1.0,0.0,0.0
0.0,0.0,1.0,0.4404
0.0,0.445,0.555,0.3595
0.0,0.769,0.231,0.5994
0.0,0.0,0.0,0.0
0.0,1.0,0.0,0.0
0.0,0.0,1.0,0.4404
0.0,0.445,0.555,0.3595
0.0,0.769,0.231,0.5994
0.0,1.0,0.0,0.0
0.0,1.0,0.0,0.0
0.0,1.0,0.0,0.0
0.0,0.0,1.0,0.4404
0.0,0.445,0.555,0.3595
0.0,0.769,0.231,0.5994
0.0,1.0,0.0,0.0
0.0,0.0,1.0,0.4404
0.0,0.445,0.555,0.3595
0.0,0.769,0.231,0.5994
0.0,0.0,0.0,0.0
0.0,1.0,0.0,0.0
0.0,1.0,0.0,0.0
0.0,1.0,0.0,0.0
0.0,1.0,0.0,0.0
0.0,1.0,0.0,0.0
0.0,0.0,1.0,0.4404
0.0,0.445,0.555,0.3595
0.0,0.755,0.245,0.5994
0.0,1.0,0.0,0.0
0.0,1.0,0.0,0.0
0.0,0.0,1.0,0.4404
0.0,0.445,0.555,0.3595
0.0,0.738,0.262,0.5994
0.0,1.0,0.0,0.0
0.0,1.0,0.0,0.0
0.0,1.0,0.0,0.0
0.0,1.0,0.0,0.0
0.0,1.0,0.0,0.0
0.223,0.777,0.0,-0.3182
0.0,1.0,0.0,0.0
0.0,1.0,0.0,0.0
0.0,1.0,0.0,0.0
0.0,1.0,0.0,0.0
0.189,0.811,0.0,-0.4215
0.167,0.833,0.0,-0.4215
0.0,1.0,0.0,0.0
0.0,1.0,0.0,0.0
0.247,0.753,0.0,-0.3182
0.0,1.0,0.0,0.0
0.0,1.0,0.0,0.0
0.0,1.0,0.0,0.0
0.0,1.0,0.0,0.0
0.0,1.0,0.0,0.0
0.0,1.0,0.0,0.0
0.0,1.0,0.0,0.0
0.0,1.0,0.0,0.0
0.0,1.0,0.0,0.0
0.0,1.0,0.0,0.0
0.0,1.0,0.0,0.0
0.0,0.674,0.326,0.4404
0.0,1.0,0.0,0.0
0.0,1.0,0.0,0.0
0.0,1.0,0.0,0.0
0.0,1.0,0.0,0.0
0.0,1.0,0.0,0.0
0.0,0.584,0.416,0.6908
0.0,1.0,0.0,0.0
0.0,1.0,0.0,0.0
0.0,1.0,0.0,0.0
0.0,1.0,0.0,0.0
0.0,1.0,0.0,0.0
0.0,1.0,0.0,0.0
0.0,1.0,0.0,0.0
0.0,1.0,0.0,0.0
0.0,1.0,0.0,0.0
0.0,1.0,0.0,0.0
0.0,1.0,0.0,0.0
0.0,1.0,0.0,0.0
0.0,1.0,0.0,0.0
0.0,1.0,0.0,0.0
0.0,1.0,0.0,0.0
0.365,0.635,0.0,-0.3182
0.0,1.0,0.0,0.0
0.0,1.0,0.0,0.0
0.0,1.0,0.0,0.0
0.0,1.0,0.0,0.0
0.0,1.0,0.0,0.0
0.0,1.0,0.0,0.0
0.0,1.0,0.0,0.0
0.0,1.0,0.0,0.0
0.0,1.0,0.0,0.0
0.0,1.0,0.0,0.0
0.0,0.584,0.416,0.6908
0.0,1.0,0.0,0.0
0.0,0.828,0.172,0.3612
0.0,1.0,0.0,0.0
0.0,1.0,0.0,0.0
0.149,0.851,0.0,-0.2732
0.0,0.709,0.291,0.5719
0.0,1.0,0.0,0.0
0.259,0.741,0.0,-0.2732
0.0,1.0,0.0,0.0
0.0,1.0,0.0,0.0
0.0,1.0,0.0,0.0
0.0,0.805,0.195,0.4404
0.0,1.0,0.0,0.0
0.0,1.0,0.0,0.0
0.0,1.0,0.0,0.0
0.0,0.828,0.172,0.3612
0.0,1.0,0.0,0.0
0.0,1.0,0.0,0.0
0.0,1.0,0.0,0.0
0.0,1.0,0.0,0.0
0.0,1.0,0.0,0.0
0.0,1.0,0.0,0.0
0.0,1.0,0.0,0.0
0.0,1.0,0.0,0.0
0.0,1.0,0.0,0.0
0.0,1.0,0.0,0.0
0.0,1.0,0.0,0.0
0.0,0.833,0.167,0.34
0.0,1.0,0.0,0.0
0.0,1.0,0.0,0.0
0.0,1.0,0.0,0.0
0.0,1.0,0.0,0.0
0.0,0.0,0.0,0.0
0.0,0.0,0.0,0.0
0.0,0.0,0.0,0.0
0.0,0.0,0.0,0.0
0.0,1.0,0.0,0.0
0.0,0.282,0.718,0.6249
0.0,1.0,0.0,0.0
0.0,1.0,0.0,0.0
0.0,1.0,0.0,0.0
0.0,1.0,0.0,0.0
0.0,0.256,0.744,0.4404
0.0,1.0,0.0,0.0
0.0,1.0,0.0,0.0
0.0,1.0,0.0,0.0
0.0,0.0,0.0,0.0
0.0,1.0,0.0,0.0
0.0,0.834,0.166,0.3804
0.0,1.0,0.0,0.0
0.0,1.0,0.0,0.0
0.0,1.0,0.0,0.0
0.0,1.0,0.0,0.0
0.0,0.808,0.192,0.2263
0.0,1.0,0.0,0.0
0.0,1.0,0.0,0.0
0.0,1.0,0.0,0.0
0.0,1.0,0.0,0.0
0.0,1.0,0.0,0.0
0.0,1.0,0.0,0.0
0.0,0.345,0.655,0.6893
0.0,0.738,0.262,0.5994
0.0,1.0,0.0,0.0
0.0,1.0,0.0,0.0
0.0,0.0,1.0,0.4404
0.0,0.445,0.555,0.3595
0.0,0.738,0.262,0.5994
0.0,1.0,0.0,0.0
0.0,0.0,0.0,0.0
0.0,1.0,0.0,0.0
0.0,0.0,1.0,0.4404
0.0,0.445,0.555,0.3595
0.0,0.769,0.231,0.5994
0.0,1.0,0.0,0.0
0.0,0.0,1.0,0.4404
0.0,0.445,0.555,0.3595
0.0,0.769,0.231,0.5994
0.0,1.0,0.0,0.0
0.0,0.0,1.0,0.4404
0.0,0.445,0.555,0.3595
0.0,0.769,0.231,0.5994
0.0,1.0,0.0,0.0
0.0,1.0,0.0,0.0
0.296,0.704,0.0,-0.2732
0.0,1.0,0.0,0.0
0.0,1.0,0.0,0.0
0.0,1.0,0.0,0.0
0.0,1.0,0.0,0.0
0.0,0.0,1.0,0.4404
0.0,0.445,0.555,0.3595
0.0,0.769,0.231,0.5994
0.0,1.0,0.0,0.0
0.0,0.0,1.0,0.4404
0.0,0.445,0.555,0.3595
0.0,0.769,0.231,0.5994
0.0,1.0,0.0,0.0
0.0,0.0,1.0,0.4404
0.0,0.445,0.555,0.3595
0.0,0.755,0.245,0.5994
0.0,1.0,0.0,0.0
0.0,1.0,0.0,0.0
0.0,0.0,1.0,0.4404
0.0,0.445,0.555,0.3595
0.0,0.755,0.245,0.5994
0.0,1.0,0.0,0.0
0.241,0.602,0.158,-0.2732
0.0,1.0,0.0,0.0
0.0,1.0,0.0,0.0
0.0,1.0,0.0,0.0
0.0,0.0,1.0,0.4404
0.0,0.445,0.555,0.3595
0.0,0.738,0.262,0.5994
0.0,1.0,0.0,0.0
0.0,1.0,0.0,0.0
0.0,0.0,1.0,0.4404
0.0,0.445,0.555,0.3595
0.0,0.738,0.262,0.5994
0.0,1.0,0.0,0.0
0.0,0.0,0.0,0.0
0.0,1.0,0.0,0.0
0.0,0.0,1.0,0.4404
0.0,0.445,0.555,0.3595
0.0,0.755,0.245,0.5994
0.0,1.0,0.0,0.0
0.0,1.0,0.0,0.0
0.0,0.0,1.0,0.4404
0.0,0.445,0.555,0.3595
0.0,0.769,0.231,0.5994
0.0,0.0,0.0,0.0
0.0,1.0,0.0,0.0
0.0,0.0,1.0,0.4404
0.0,0.445,0.555,0.3595
0.0,0.769,0.231,0.5994
0.0,1.0,0.0,0.0
0.0,0.0,1.0,0.4404
0.0,0.445,0.555,0.3595
0.0,0.769,0.231,0.5994
0.0,1.0,0.0,0.0
0.0,1.0,0.0,0.0
0.0,1.0,0.0,0.0
0.0,0.0,1.0,0.4404
0.0,0.445,0.555,0.3595
0.0,0.719,0.281,0.5994
0.0,1.0,0.0,0.0
0.0,1.0,0.0,0.0
0.0,1.0,0.0,0.0
0.0,1.0,0.0,0.0
0.0,1.0,0.0,0.0
0.0,1.0,0.0,0.0
0.0,1.0,0.0,0.0
0.0,0.0,1.0,0.4404
0.0,0.445,0.555,0.3595
0.0,0.738,0.262,0.5994
0.0,1.0,0.0,0.0
0.0,1.0,0.0,0.0
0.0,0.0,1.0,0.4404
0.0,0.445,0.555,0.3595
0.0,0.769,0.231,0.5994
0.0,1.0,0.0,0.0
0.0,0.0,1.0,0.4404
0.0,0.445,0.555,0.3595
0.0,0.769,0.231,0.5994
0.0,1.0,0.0,0.0
0.0,0.0,1.0,0.4404
0.0,0.445,0.555,0.3595
0.0,0.813,0.187,0.5994
0.0,1.0,0.0,0.0
0.0,1.0,0.0,0.0
0.0,0.584,0.416,0.6908
0.0,1.0,0.0,0.0
0.0,0.656,0.344,0.6369
0.0,1.0,0.0,0.0
0.0,1.0,0.0,0.0
0.0,0.698,0.302,0.3818
0.0,1.0,0.0,0.0
0.0,1.0,0.0,0.0
0.0,1.0,0.0,0.0
0.0,1.0,0.0,0.0
0.0,1.0,0.0,0.0
0.0,0.703,0.297,0.5859
0.22,0.78,0.0,-0.4767
0.0,1.0,0.0,0.0
0.0,1.0,0.0,0.0
0.0,1.0,0.0,0.0
0.0,1.0,0.0,0.0
0.0,1.0,0.0,0.0
0.0,1.0,0.0,0.0
0.0,1.0,0.0,0.0
0.454,0.546,0.0,-0.3595
0.0,1.0,0.0,0.0
0.0,1.0,0.0,0.0
0.0,1.0,0.0,0.0
0.0,1.0,0.0,0.0
0.0,1.0,0.0,0.0
0.0,1.0,0.0,0.0
0.0,1.0,0.0,0.0
0.0,1.0,0.0,0.0
0.0,1.0,0.0,0.0
0.0,1.0,0.0,0.0
0.0,0.584,0.416,0.6908
0.0,1.0,0.0,0.0
0.0,1.0,0.0,0.0
0.0,1.0,0.0,0.0
0.0,1.0,0.0,0.0
0.0,1.0,0.0,0.0
0.0,1.0,0.0,0.0
0.0,1.0,0.0,0.0
0.0,1.0,0.0,0.0
0.0,1.0,0.0,0.0
0.0,1.0,0.0,0.0
0.0,1.0,0.0,0.0
0.0,1.0,0.0,0.0
0.0,1.0,0.0,0.0
0.0,1.0,0.0,0.0
0.0,0.834,0.166,0.3804
0.0,1.0,0.0,0.0
0.0,1.0,0.0,0.0
0.0,0.656,0.344,0.8883
0.0,0.776,0.224,0.6166
0.0,1.0,0.0,0.0
0.0,1.0,0.0,0.0
0.0,0.0,0.0,0.0
0.0,0.0,1.0,0.5859
0.398,0.602,0.0,-0.6486
0.0,1.0,0.0,0.0
0.0,1.0,0.0,0.0
0.0,1.0,0.0,0.0
0.0,0.0,0.0,0.0
0.11,0.89,0.0,-0.2732
0.0,1.0,0.0,0.0
0.0,1.0,0.0,0.0
0.0,1.0,0.0,0.0
0.0,1.0,0.0,0.0
0.0,1.0,0.0,0.0
0.0,1.0,0.0,0.0
0.0,1.0,0.0,0.0
0.0,1.0,0.0,0.0
0.0,1.0,0.0,0.0
0.0,1.0,0.0,0.0
0.0,1.0,0.0,0.0
0.0,1.0,0.0,0.0
0.0,0.345,0.655,0.6893
0.0,0.738,0.262,0.5994
0.0,1.0,0.0,0.0
0.0,1.0,0.0,0.0
0.0,1.0,0.0,0.0
0.0,1.0,0.0,0.0
0.0,1.0,0.0,0.0
0.0,1.0,0.0,0.0
0.0,1.0,0.0,0.0
0.0,1.0,0.0,0.0
0.0,1.0,0.0,0.0
0.0,1.0,0.0,0.0
0.0,1.0,0.0,0.0
0.0,1.0,0.0,0.0
0.0,1.0,0.0,0.0
0.0,1.0,0.0,0.0
0.0,1.0,0.0,0.0
0.0,1.0,0.0,0.0
0.108,0.154,0.738,0.8795
0.0,1.0,0.0,0.0
0.0,1.0,0.0,0.0
0.0,1.0,0.0,0.0
0.0,1.0,0.0,0.0
0.0,1.0,0.0,0.0
0.0,0.584,0.416,0.6908
0.0,1.0,0.0,0.0
0.0,0.703,0.297,0.5859
0.256,0.744,0.0,-0.4767
0.0,1.0,0.0,0.0
0.0,1.0,0.0,0.0
0.0,1.0,0.0,0.0
0.0,1.0,0.0,0.0
0.0,0.584,0.416,0.6908
0.0,1.0,0.0,0.0
0.0,0.778,0.222,0.4588
0.0,1.0,0.0,0.0
0.0,1.0,0.0,0.0
0.0,1.0,0.0,0.0
0.0,1.0,0.0,0.0
0.0,1.0,0.0,0.0
0.0,1.0,0.0,0.0
0.0,1.0,0.0,0.0
0.0,1.0,0.0,0.0
0.0,1.0,0.0,0.0
0.0,1.0,0.0,0.0
0.0,1.0,0.0,0.0
0.0,0.886,0.114,0.2023
0.0,1.0,0.0,0.0
0.0,1.0,0.0,0.0
0.0,0.568,0.432,0.5859
0.0,1.0,0.0,0.0
0.0,1.0,0.0,0.0
0.0,1.0,0.0,0.0
0.0,1.0,0.0,0.0
0.0,1.0,0.0,0.0
0.0,1.0,0.0,0.0
0.0,1.0,0.0,0.0
0.0,1.0,0.0,0.0
0.0,0.584,0.416,0.6908
0.0,0.859,0.141,0.3162
0.0,1.0,0.0,0.0
0.112,0.72,0.168,0.1779
0.0,1.0,0.0,0.0
0.0,1.0,0.0,0.0
0.0,1.0,0.0,0.0
0.0,1.0,0.0,0.0
0.0,1.0,0.0,0.0
0.0,0.0,1.0,0.4404
0.0,0.445,0.555,0.3595
0.0,0.755,0.245,0.5994
0.0,1.0,0.0,0.0
0.0,1.0,0.0,0.0
0.0,0.0,1.0,0.4404
0.0,0.445,0.555,0.3595
0.0,0.769,0.231,0.5994
0.0,1.0,0.0,0.0
0.0,0.0,1.0,0.4404
0.0,0.445,0.555,0.3595
0.0,0.719,0.281,0.5994
0.0,1.0,0.0,0.0
0.0,1.0,0.0,0.0
0.0,1.0,0.0,0.0
0.0,0.0,1.0,0.4404
0.0,0.445,0.555,0.3595
0.0,0.769,0.231,0.5994
0.0,1.0,0.0,0.0
0.0,0.0,1.0,0.4404
0.0,0.445,0.555,0.3595
0.0,0.755,0.245,0.5994
0.0,1.0,0.0,0.0
0.0,0.0,1.0,0.4404
0.0,0.445,0.555,0.3595
0.0,0.769,0.231,0.5994
0.0,1.0,0.0,0.0
0.0,0.0,1.0,0.4404
0.0,0.445,0.555,0.3595
0.0,0.719,0.281,0.5994
0.0,1.0,0.0,0.0
0.0,1.0,0.0,0.0
0.0,0.0,1.0,0.4404
0.0,0.445,0.555,0.3595
0.0,0.782,0.218,0.5994
0.0,1.0,0.0,0.0
0.0,1.0,0.0,0.0
0.0,1.0,0.0,0.0
0.0,1.0,0.0,0.0
0.0,1.0,0.0,0.0
0.0,0.713,0.287,0.6166
0.0,1.0,0.0,0.0
0.0,1.0,0.0,0.0
0.0,1.0,0.0,0.0
0.0,1.0,0.0,0.0
0.0,0.619,0.381,0.4738
0.0,1.0,0.0,0.0
0.0,0.776,0.224,0.3818
0.0,1.0,0.0,0.0
0.0,0.648,0.352,0.5859
0.22,0.78,0.0,-0.4767
0.0,0.776,0.224,0.6166
0.0,1.0,0.0,0.0
0.0,1.0,0.0,0.0
0.0,1.0,0.0,0.0
0.0,1.0,0.0,0.0
0.0,1.0,0.0,0.0
0.0,1.0,0.0,0.0
0.0,1.0,0.0,0.0
0.0,1.0,0.0,0.0
0.0,1.0,0.0,0.0
0.0,1.0,0.0,0.0
0.0,1.0,0.0,0.0
0.0,1.0,0.0,0.0
0.0,1.0,0.0,0.0
0.0,1.0,0.0,0.0
0.0,1.0,0.0,0.0
0.0,1.0,0.0,0.0
0.0,0.856,0.144,0.4939
0.0,1.0,0.0,0.0
0.0,1.0,0.0,0.0
0.0,1.0,0.0,0.0
0.0,1.0,0.0,0.0
0.0,1.0,0.0,0.0
0.0,1.0,0.0,0.0
0.0,1.0,0.0,0.0
0.0,1.0,0.0,0.0
0.0,1.0,0.0,0.0
0.0,1.0,0.0,0.0
0.0,1.0,0.0,0.0
0.0,1.0,0.0,0.0
0.0,1.0,0.0,0.0
0.0,1.0,0.0,0.0
0.0,0.0,0.0,0.0
0.0,1.0,0.0,0.0
0.0,1.0,0.0,0.0
0.0,1.0,0.0,0.0
0.0,0.776,0.224,0.6166
0.0,1.0,0.0,0.0
0.0,1.0,0.0,0.0
0.0,0.713,0.287,0.6166
0.0,1.0,0.0,0.0
0.0,1.0,0.0,0.0
0.0,1.0,0.0,0.0
0.0,1.0,0.0,0.0
0.0,1.0,0.0,0.0
0.0,1.0,0.0,0.0
0.0,1.0,0.0,0.0
0.0,1.0,0.0,0.0
0.0,1.0,0.0,0.0
0.0,1.0,0.0,0.0
0.0,1.0,0.0,0.0
0.0,1.0,0.0,0.0
0.0,1.0,0.0,0.0
0.0,0.543,0.457,0.6369
0.0,1.0,0.0,0.0
0.0,1.0,0.0,0.0
0.0,1.0,0.0,0.0
0.0,1.0,0.0,0.0
0.0,1.0,0.0,0.0
0.0,1.0,0.0,0.0
0.0,1.0,0.0,0.0
0.0,1.0,0.0,0.0
0.0,0.584,0.416,0.6908
0.0,1.0,0.0,0.0
0.0,1.0,0.0,0.0
0.0,1.0,0.0,0.0
0.0,1.0,0.0,0.0
0.0,1.0,0.0,0.0
0.0,1.0,0.0,0.0
0.0,1.0,0.0,0.0
0.0,0.417,0.583,0.6369
0.0,1.0,0.0,0.0
0.0,0.6,0.4,0.7184
0.0,0.649,0.351,0.4019
0.0,1.0,0.0,0.0
0.0,1.0,0.0,0.0
0.0,1.0,0.0,0.0
0.0,1.0,0.0,0.0
0.0,1.0,0.0,0.0
0.0,1.0,0.0,0.0
0.0,1.0,0.0,0.0
0.0,1.0,0.0,0.0
0.0,1.0,0.0,0.0
0.0,1.0,0.0,0.0
0.0,0.584,0.416,0.6908
0.0,1.0,0.0,0.0
0.0,1.0,0.0,0.0
0.0,1.0,0.0,0.0
0.0,1.0,0.0,0.0
0.0,1.0,0.0,0.0
0.0,1.0,0.0,0.0
0.158,0.729,0.113,-0.2732
0.0,1.0,0.0,0.0
0.0,1.0,0.0,0.0
0.0,1.0,0.0,0.0
0.0,1.0,0.0,0.0
0.0,0.834,0.166,0.3804
0.0,1.0,0.0,0.0
0.0,1.0,0.0,0.0
0.0,0.465,0.535,0.3182
0.0,1.0,0.0,0.0
0.0,0.703,0.297,0.5859
0.256,0.744,0.0,-0.4767
0.0,1.0,0.0,0.0
0.0,1.0,0.0,0.0
0.0,1.0,0.0,0.0
0.0,1.0,0.0,0.0
0.0,1.0,0.0,0.0
0.0,1.0,0.0,0.0
0.0,1.0,0.0,0.0
0.0,1.0,0.0,0.0
0.0,1.0,0.0,0.0
0.0,1.0,0.0,0.0
0.0,0.915,0.085,0.0516
0.0,1.0,0.0,0.0
0.0,1.0,0.0,0.0
0.0,1.0,0.0,0.0
0.0,1.0,0.0,0.0
0.0,0.802,0.198,0.6369
0.0,1.0,0.0,0.0
0.0,1.0,0.0,0.0
0.0,1.0,0.0,0.0
0.0,1.0,0.0,0.0
0.0,1.0,0.0,0.0
0.0,1.0,0.0,0.0
0.0,1.0,0.0,0.0
0.0,1.0,0.0,0.0
0.0,1.0,0.0,0.0
0.0,1.0,0.0,0.0
0.0,1.0,0.0,0.0
0.0,1.0,0.0,0.0
0.0,1.0,0.0,0.0
0.0,1.0,0.0,0.0
0.0,1.0,0.0,0.0
0.0,1.0,0.0,0.0
0.0,1.0,0.0,0.0
0.0,1.0,0.0,0.0
0.0,1.0,0.0,0.0
0.0,1.0,0.0,0.0
0.0,1.0,0.0,0.0
0.0,1.0,0.0,0.0
0.0,1.0,0.0,0.0
0.0,1.0,0.0,0.0
0.179,0.821,0.0,-0.3382
0.0,1.0,0.0,0.0
0.0,1.0,0.0,0.0
0.0,1.0,0.0,0.0
0.0,1.0,0.0,0.0
0.196,0.804,0.0,-0.5994
0.0,0.633,0.367,0.4404
0.0,1.0,0.0,0.0
0.0,1.0,0.0,0.0
0.0,1.0,0.0,0.0
0.0,1.0,0.0,0.0
0.0,1.0,0.0,0.0
0.0,1.0,0.0,0.0
0.0,0.0,1.0,0.4404
0.0,0.445,0.555,0.3595
0.0,0.769,0.231,0.5994
0.0,1.0,0.0,0.0
0.0,1.0,0.0,0.0
0.0,1.0,0.0,0.0
0.0,1.0,0.0,0.0
0.0,1.0,0.0,0.0
0.0,1.0,0.0,0.0
0.0,1.0,0.0,0.0
0.0,0.0,1.0,0.4404
0.0,0.445,0.555,0.3595
0.0,0.769,0.231,0.5994
0.0,1.0,0.0,0.0
0.0,1.0,0.0,0.0
0.0,1.0,0.0,0.0
0.0,0.584,0.416,0.6908
0.0,1.0,0.0,0.0
0.0,1.0,0.0,0.0
0.0,0.0,1.0,0.4404
0.0,0.445,0.555,0.3595
0.0,0.719,0.281,0.5994
0.0,1.0,0.0,0.0
0.0,1.0,0.0,0.0
0.0,0.0,1.0,0.4404
0.0,0.445,0.555,0.3595
0.0,0.769,0.231,0.5994
0.0,1.0,0.0,0.0
0.0,0.0,1.0,0.4404
0.0,0.445,0.555,0.3595
0.0,0.738,0.262,0.5994
0.0,1.0,0.0,0.0
0.0,0.595,0.405,0.5267
0.0,1.0,0.0,0.0
0.0,1.0,0.0,0.0
0.0,0.0,1.0,0.4404
0.0,0.445,0.555,0.3595
0.0,0.769,0.231,0.5994
0.0,0.0,0.0,0.0
0.0,1.0,0.0,0.0
0.0,0.0,1.0,0.4404
0.0,0.445,0.555,0.3595
0.0,0.782,0.218,0.5994
0.0,1.0,0.0,0.0
0.0,0.876,0.124,0.34
0.0,1.0,0.0,0.0
0.0,0.0,1.0,0.4404
0.0,0.445,0.555,0.3595
0.0,0.738,0.262,0.5994
0.0,1.0,0.0,0.0
0.0,0.905,0.095,0.296
0.0,1.0,0.0,0.0
0.0,1.0,0.0,0.0
0.0,0.0,1.0,0.4404
0.0,0.445,0.555,0.3595
0.0,0.769,0.231,0.5994
0.0,0.758,0.242,0.5859
0.0,1.0,0.0,0.0
0.0,1.0,0.0,0.0
0.0,0.0,1.0,0.4404
0.0,0.445,0.555,0.3595
0.0,0.769,0.231,0.5994
0.0,1.0,0.0,0.0
0.0,0.0,1.0,0.4404
0.0,0.445,0.555,0.3595
0.0,0.738,0.262,0.5994
0.0,1.0,0.0,0.0
0.0,0.703,0.297,0.5859
0.114,0.664,0.221,0.4404
0.0,0.649,0.351,0.4019
0.0,1.0,0.0,0.0
0.0,1.0,0.0,0.0
0.0,1.0,0.0,0.0
0.0,1.0,0.0,0.0
0.0,1.0,0.0,0.0
0.0,1.0,0.0,0.0
0.0,1.0,0.0,0.0
1.0,0.0,0.0,-0.4404
0.0,1.0,0.0,0.0
0.0,1.0,0.0,0.0
0.0,0.897,0.103,0.34
0.0,1.0,0.0,0.0
0.0,1.0,0.0,0.0
0.0,1.0,0.0,0.0
0.0,1.0,0.0,0.0
0.0,1.0,0.0,0.0
0.0,1.0,0.0,0.0
0.0,0.538,0.462,0.7184
0.0,0.649,0.351,0.4019
0.0,1.0,0.0,0.0
0.0,1.0,0.0,0.0
0.0,1.0,0.0,0.0
0.244,0.756,0.0,-0.4404
0.0,1.0,0.0,0.0
0.0,1.0,0.0,0.0
0.0,1.0,0.0,0.0
0.0,1.0,0.0,0.0
0.0,1.0,0.0,0.0
0.0,1.0,0.0,0.0
0.0,1.0,0.0,0.0
0.0,1.0,0.0,0.0
0.0,1.0,0.0,0.0
0.0,0.648,0.352,0.5859
0.22,0.78,0.0,-0.4767
0.0,1.0,0.0,0.0
0.0,1.0,0.0,0.0
0.0,1.0,0.0,0.0
0.0,1.0,0.0,0.0
0.0,1.0,0.0,0.0
0.0,1.0,0.0,0.0
0.0,1.0,0.0,0.0
0.0,1.0,0.0,0.0
0.0,1.0,0.0,0.0
0.0,0.538,0.462,0.7184
0.0,0.649,0.351,0.4019
0.0,1.0,0.0,0.0
0.0,1.0,0.0,0.0
0.0,1.0,0.0,0.0
0.0,0.58,0.42,0.4404
0.0,1.0,0.0,0.0
0.0,1.0,0.0,0.0
0.0,1.0,0.0,0.0
0.0,1.0,0.0,0.0
0.0,1.0,0.0,0.0
0.0,1.0,0.0,0.0
0.0,1.0,0.0,0.0
0.0,1.0,0.0,0.0
0.0,1.0,0.0,0.0
0.0,1.0,0.0,0.0
0.0,1.0,0.0,0.0
0.0,1.0,0.0,0.0
0.0,1.0,0.0,0.0
0.0,0.584,0.416,0.6908
0.0,1.0,0.0,0.0
0.0,1.0,0.0,0.0
0.0,0.69,0.31,0.5411
0.0,1.0,0.0,0.0
0.0,1.0,0.0,0.0
0.0,1.0,0.0,0.0
0.0,1.0,0.0,0.0
0.0,0.485,0.515,0.6486
0.0,0.404,0.596,0.7096
0.0,1.0,0.0,0.0
0.0,0.615,0.385,0.3612
0.0,1.0,0.0,0.0
0.0,1.0,0.0,0.0
0.0,0.856,0.144,0.5719
0.0,1.0,0.0,0.0
0.0,1.0,0.0,0.0
0.0,1.0,0.0,0.0
0.0,1.0,0.0,0.0
0.0,0.824,0.176,0.4939
0.0,1.0,0.0,0.0
0.0,1.0,0.0,0.0
0.0,0.87,0.13,0.2732
0.0,1.0,0.0,0.0
0.0,0.192,0.808,0.6369
0.0,1.0,0.0,0.0
0.0,1.0,0.0,0.0
0.0,1.0,0.0,0.0
0.0,0.698,0.302,0.3818
0.0,1.0,0.0,0.0
0.0,1.0,0.0,0.0
0.0,1.0,0.0,0.0
0.0,1.0,0.0,0.0
0.0,1.0,0.0,0.0
0.0,0.871,0.129,0.5719
0.0,1.0,0.0,0.0
0.0,0.795,0.205,0.4753
0.0,0.787,0.213,0.5859
0.22,0.78,0.0,-0.4767
0.0,0.455,0.545,0.5574
0.0,1.0,0.0,0.0
0.0,1.0,0.0,0.0
0.0,1.0,0.0,0.0
0.0,1.0,0.0,0.0
0.0,1.0,0.0,0.0
0.0,1.0,0.0,0.0
0.0,1.0,0.0,0.0
0.0,1.0,0.0,0.0
0.0,1.0,0.0,0.0
0.0,1.0,0.0,0.0
0.0,1.0,0.0,0.0
0.0,1.0,0.0,0.0
0.0,1.0,0.0,0.0
0.0,0.776,0.224,0.6988
0.0,1.0,0.0,0.0
0.0,0.77,0.23,0.5093
0.0,1.0,0.0,0.0
0.0,1.0,0.0,0.0
0.0,0.789,0.211,0.34
0.0,1.0,0.0,0.0
0.0,1.0,0.0,0.0
0.0,1.0,0.0,0.0
0.0,1.0,0.0,0.0
0.327,0.673,0.0,-0.8074
0.0,0.345,0.655,0.6893
0.0,0.813,0.187,0.5994
0.145,0.855,0.0,-0.4404
0.0,1.0,0.0,0.0
0.0,1.0,0.0,0.0
0.0,0.241,0.759,0.743
0.0,1.0,0.0,0.0
0.0,1.0,0.0,0.0
0.0,0.0,1.0,0.4404
0.0,0.445,0.555,0.3595
0.0,0.769,0.231,0.5994
0.0,1.0,0.0,0.0
0.0,0.0,1.0,0.4404
0.0,0.445,0.555,0.3595
0.0,0.719,0.281,0.5994
0.0,1.0,0.0,0.0
0.0,1.0,0.0,0.0
0.0,0.0,1.0,0.4404
0.0,0.445,0.555,0.3595
0.0,0.755,0.245,0.5994
0.0,1.0,0.0,0.0
0.0,0.0,1.0,0.4404
0.0,0.445,0.555,0.3595
0.0,0.769,0.231,0.5994
0.0,1.0,0.0,0.0
0.0,0.0,1.0,0.4404
0.0,0.445,0.555,0.3595
0.0,0.719,0.281,0.5994
0.0,1.0,0.0,0.0
0.0,1.0,0.0,0.0
0.0,0.0,1.0,0.4404
0.0,0.445,0.555,0.3595
0.0,0.769,0.231,0.5994
0.0,1.0,0.0,0.0
0.0,0.0,1.0,0.4404
0.0,0.445,0.555,0.3595
0.0,0.738,0.262,0.5994
0.0,1.0,0.0,0.0
0.0,1.0,0.0,0.0
0.0,1.0,0.0,0.0
0.0,1.0,0.0,0.0
0.0,0.0,1.0,0.4404
0.0,0.445,0.555,0.3595
0.0,0.755,0.245,0.5994
0.0,1.0,0.0,0.0
0.0,0.345,0.655,0.6893
0.0,0.769,0.231,0.5994
0.0,1.0,0.0,0.0
0.0,0.0,1.0,0.4404
0.0,0.445,0.555,0.3595
0.0,0.769,0.231,0.5994
0.0,1.0,0.0,0.0
0.0,0.0,1.0,0.4404
0.0,0.445,0.555,0.3595
0.0,0.769,0.231,0.5994
0.0,1.0,0.0,0.0
0.0,0.0,1.0,0.4404
0.0,0.445,0.555,0.3595
0.0,0.769,0.231,0.5994
0.0,1.0,0.0,0.0
0.0,0.0,1.0,0.4404
0.0,0.445,0.555,0.3595
0.0,0.769,0.231,0.5994
0.0,1.0,0.0,0.0
0.0,0.0,1.0,0.4404
0.0,0.445,0.555,0.3595
0.0,0.719,0.281,0.5994
0.0,1.0,0.0,0.0
0.0,1.0,0.0,0.0
0.0,1.0,0.0,0.0
0.0,1.0,0.0,0.0
0.0,0.584,0.416,0.6908
0.0,1.0,0.0,0.0
0.0,1.0,0.0,0.0
0.0,1.0,0.0,0.0
0.0,1.0,0.0,0.0
0.0,1.0,0.0,0.0
0.0,0.741,0.259,0.6369
0.0,1.0,0.0,0.0
0.0,1.0,0.0,0.0
0.0,1.0,0.0,0.0
0.0,1.0,0.0,0.0
0.0,1.0,0.0,0.0
0.0,0.638,0.362,0.5267
0.0,1.0,0.0,0.0
0.0,1.0,0.0,0.0
0.0,0.834,0.166,0.3804
0.0,1.0,0.0,0.0
0.0,1.0,0.0,0.0
0.0,1.0,0.0,0.0
0.0,1.0,0.0,0.0
0.0,1.0,0.0,0.0
0.0,0.894,0.106,0.3818
0.0,1.0,0.0,0.0
0.0,1.0,0.0,0.0
0.0,1.0,0.0,0.0
0.0,1.0,0.0,0.0
0.0,1.0,0.0,0.0
0.0,1.0,0.0,0.0
0.0,1.0,0.0,0.0
0.0,1.0,0.0,0.0
0.0,1.0,0.0,0.0
0.194,0.806,0.0,-0.5574
0.0,1.0,0.0,0.0
0.0,1.0,0.0,0.0
0.0,1.0,0.0,0.0
0.0,1.0,0.0,0.0
0.0,1.0,0.0,0.0
0.0,1.0,0.0,0.0
0.0,1.0,0.0,0.0
0.0,1.0,0.0,0.0
0.0,0.781,0.219,0.4215
0.0,1.0,0.0,0.0
0.0,1.0,0.0,0.0
0.0,0.783,0.217,0.3612
0.0,0.774,0.226,0.5859
0.124,0.876,0.0,-0.4767
0.0,1.0,0.0,0.0
0.0,0.87,0.13,0.0516
0.0,1.0,0.0,0.0
0.0,1.0,0.0,0.0
0.0,1.0,0.0,0.0
0.0,0.783,0.217,0.3612
0.0,1.0,0.0,0.0
0.0,1.0,0.0,0.0
0.0,1.0,0.0,0.0
0.0,1.0,0.0,0.0
0.0,1.0,0.0,0.0
0.0,1.0,0.0,0.0
0.0,1.0,0.0,0.0
0.0,0.88,0.12,0.3804
0.0,1.0,0.0,0.0
